{
    "centralized_mlp": {
        "accuracy": 0.6616314199395771,
        "precision": 0.6687898089171974,
        "recall": 0.6363636363636364,
        "f1": 0.6521739130434782,
        "avg_confidence": 0.48956720949393623,
        "confidence_std": 0.3340096580283067
    },
    "centralized_logreg": {
        "accuracy": 0.5981873111782477,
        "precision": 0.5963855421686747,
        "recall": 0.6,
        "f1": 0.5981873111782477,
        "avg_confidence": 0.4907005674776194,
        "confidence_std": 0.12102069568429674
    },
    "centralized_encrypted_logreg": {
        "accuracy": 0.5891238670694864,
        "precision": 0.5792349726775956,
        "recall": 0.6424242424242425,
        "f1": 0.6091954022988506,
        "avg_confidence": 0.49359621198628595,
        "confidence_std": 0.08016928386153632
    },
    "centralized_encrypted_mlp": {
        "accuracy": 0.5545454545454546,
        "precision": 0.5508982035928144,
        "recall": 0.5609756097560976,
        "f1": 0.5558912386706949,
        "avg_confidence": 0.5000596246110579,
        "confidence_std": 0.0010000155945235824
    }
}