{
    "centralized_mlp": {
        "accuracy": 0.7764350453172205,
        "precision": 0.76,
        "recall": 0.806060606060606,
        "f1": 0.7823529411764707,
        "avg_confidence": 0.5045534842414205,
        "confidence_std": 0.39485222679900783
    },
    "centralized_logreg": {
        "accuracy": 0.486404833836858,
        "precision": 0.4873096446700508,
        "recall": 0.5818181818181818,
        "f1": 0.5303867403314917,
        "avg_confidence": 0.4980239918455125,
        "confidence_std": 0.05090866904345972
    },
    "centralized_encrypted_logreg": {
        "accuracy": 0.48338368580060426,
        "precision": 0.485,
        "recall": 0.5878787878787879,
        "f1": 0.5315068493150685,
        "avg_confidence": 0.49758668742400664,
        "confidence_std": 0.03935122442578704
    },
    "centralized_encrypted_mlp": {
        "accuracy": 0.513595166163142,
        "precision": 0.508695652173913,
        "recall": 0.7090909090909091,
        "f1": 0.5924050632911393,
        "avg_confidence": 0.5000546999224192,
        "confidence_std": 0.00015341343315409278
    }
}