{
    "centralized_mlp": {
        "accuracy": 0.6616314199395771,
        "precision": 0.6687898089171974,
        "recall": 0.6363636363636364,
        "f1": 0.6521739130434782,
        "avg_confidence": 0.48956720949393623,
        "confidence_std": 0.3340096580283067
    },
    "centralized_logreg": {
        "accuracy": 0.5981873111782477,
        "precision": 0.5963855421686747,
        "recall": 0.6,
        "f1": 0.5981873111782477,
        "avg_confidence": 0.4907005674776194,
        "confidence_std": 0.12102069568429674
    },
    "centralized_encrypted_logreg": {
        "accuracy": 0.5921450151057401,
        "precision": 0.5815217391304348,
        "recall": 0.6484848484848484,
        "f1": 0.6131805157593123,
        "avg_confidence": 0.4982064265919125,
        "confidence_std": 0.03764600691399382
    },
    "centralized_encrypted_mlp": {
        "accuracy": 0.4350453172205438,
        "precision": 0.4388888888888889,
        "recall": 0.47878787878787876,
        "f1": 0.4579710144927536,
        "avg_confidence": 0.5000206725668037,
        "confidence_std": 0.0001365495472117829
    }
}