{
    "centralized_mlp": {
        "accuracy": 0.552870090634441,
        "precision": 0.5469613259668509,
        "recall": 0.6,
        "f1": 0.5722543352601156,
        "avg_confidence": 0.5111192629340461,
        "confidence_std": 0.1731866826320231
    },
    "centralized_logreg": {
        "accuracy": 0.513595166163142,
        "precision": 0.51,
        "recall": 0.6181818181818182,
        "f1": 0.5589041095890411,
        "avg_confidence": 0.49652838049495535,
        "confidence_std": 0.03294526554654717
    },
    "centralized_encrypted_logreg": {
        "accuracy": 0.513595166163142,
        "precision": 0.51,
        "recall": 0.6181818181818182,
        "f1": 0.5589041095890411,
        "avg_confidence": 0.4962595555574273,
        "confidence_std": 0.03024698184865964
    },
    "centralized_encrypted_mlp": {
        "accuracy": 0.540785498489426,
        "precision": 0.536723163841808,
        "recall": 0.5757575757575758,
        "f1": 0.5555555555555557,
        "avg_confidence": 0.5000075900422961,
        "confidence_std": 0.00012469895315417366
    }
}