{
    "centralized_mlp": {
        "accuracy": 0.6616314199395771,
        "precision": 0.6687898089171974,
        "recall": 0.6363636363636364,
        "f1": 0.6521739130434782,
        "avg_confidence": 0.48956720949393623,
        "confidence_std": 0.3340096580283067
    },
    "centralized_logreg": {
        "accuracy": 0.5981873111782477,
        "precision": 0.5963855421686747,
        "recall": 0.6,
        "f1": 0.5981873111782477,
        "avg_confidence": 0.4907005674776194,
        "confidence_std": 0.12102069568429674
    },
    "centralized_encrypted_logreg": {
        "accuracy": 0.5891238670694864,
        "precision": 0.5792349726775956,
        "recall": 0.6424242424242425,
        "f1": 0.6091954022988506,
        "avg_confidence": 0.4935959401118822,
        "confidence_std": 0.08016928911562016
    },
    "centralized_encrypted_mlp": {
        "accuracy": 0.5303030303030303,
        "precision": 0.5251396648044693,
        "recall": 0.573170731707317,
        "f1": 0.5481049562682215,
        "avg_confidence": 0.500050610703153,
        "confidence_std": 0.0015981733217247437
    }
}