{
    "centralized_mlp": {
        "accuracy": 0.5468277945619335,
        "precision": 0.5423728813559322,
        "recall": 0.5818181818181818,
        "f1": 0.5614035087719298,
        "avg_confidence": 0.5004440833856976,
        "confidence_std": 0.1485789178726502
    },
    "centralized_logreg": {
        "accuracy": 0.513595166163142,
        "precision": 0.51,
        "recall": 0.6181818181818182,
        "f1": 0.5589041095890411,
        "avg_confidence": 0.49652838049495535,
        "confidence_std": 0.03294526554654717
    },
    "centralized_encrypted_logreg": {
        "accuracy": 0.5015105740181269,
        "precision": 0.0,
        "recall": 0.0,
        "f1": 0.0,
        "avg_confidence": 0.4999631793703577,
        "confidence_std": 1.4768259383223369e-05
    },
    "centralized_encrypted_mlp": {
        "accuracy": 0.47129909365558914,
        "precision": 0.4264705882352941,
        "recall": 0.17575757575757575,
        "f1": 0.24892703862660945,
        "avg_confidence": 0.4999633085462329,
        "confidence_std": 4.243929787512994e-05
    }
}