{
    "centralized_mlp": {
        "accuracy": 0.552870090634441,
        "precision": 0.5469613259668509,
        "recall": 0.6,
        "f1": 0.5722543352601156,
        "avg_confidence": 0.5111192629340461,
        "confidence_std": 0.1731866826320231
    },
    "centralized_logreg": {
        "accuracy": 0.513595166163142,
        "precision": 0.51,
        "recall": 0.6181818181818182,
        "f1": 0.5589041095890411,
        "avg_confidence": 0.49652838049495535,
        "confidence_std": 0.03294526554654717
    },
    "centralized_encrypted_logreg": {
        "accuracy": 0.5015105740181269,
        "precision": 0.0,
        "recall": 0.0,
        "f1": 0.0,
        "avg_confidence": 0.4999264267609176,
        "confidence_std": 2.9536491986726688e-05
    },
    "centralized_encrypted_mlp": {
        "accuracy": 0.47129909365558914,
        "precision": 0.4264705882352941,
        "recall": 0.17575757575757575,
        "f1": 0.24892703862660945,
        "avg_confidence": 0.4999633085462329,
        "confidence_std": 4.243929787512994e-05
    }
}