{
    "LogisticRegression": {
        "FedAvg": {
            "metrics": {
                "accuracy": 0.5180722891566265,
                "precision": 0.5170454545454546,
                "recall": 0.5481927710843374,
                "f1": 0.5321637426900585,
                "avg_confidence": 0.4978761082613395,
                "confidence_std": 0.01274996951427024
            },
            "training_time": 0.07110929489135742,
            "num_clients": 2,
            "encryption_type": "Plain",
            "accuracy": 0.5180722891566265,
            "f1_score": 0.5321637426900585,
            "precision": 0.5170454545454546,
            "recall": 0.5481927710843374,
            "status": "success"
        },
        "SCAFFOLD": {
            "metrics": {
                "accuracy": 0.5180722891566265,
                "precision": 0.5170454545454546,
                "recall": 0.5481927710843374,
                "f1": 0.5321637426900585,
                "avg_confidence": 0.4978761082613395,
                "confidence_std": 0.01274996951427024
            },
            "training_time": 0.07149577140808105,
            "num_clients": 2,
            "encryption_type": "Plain",
            "accuracy": 0.5180722891566265,
            "f1_score": 0.5321637426900585,
            "precision": 0.5170454545454546,
            "recall": 0.5481927710843374,
            "status": "success"
        }
    },
    "MLPClassifier": {
        "FedAvg": {
            "metrics": {
                "accuracy": 0.5451807228915663,
                "precision": 0.5471698113207547,
                "recall": 0.5240963855421686,
                "f1": 0.5353846153846153,
                "avg_confidence": 0.49692862737453075,
                "confidence_std": 0.037861024562738495
            },
            "training_time": 2.027148962020874,
            "num_clients": 2,
            "encryption_type": "Plain",
            "accuracy": 0.5451807228915663,
            "f1_score": 0.5353846153846153,
            "precision": 0.5471698113207547,
            "recall": 0.5240963855421686,
            "status": "success"
        },
        "SCAFFOLD": {
            "metrics": {
                "accuracy": 0.5451807228915663,
                "precision": 0.5471698113207547,
                "recall": 0.5240963855421686,
                "f1": 0.5353846153846153,
                "avg_confidence": 0.49692862737453075,
                "confidence_std": 0.037861024562738495
            },
            "training_time": 1.9990909099578857,
            "num_clients": 2,
            "encryption_type": "Plain",
            "accuracy": 0.5451807228915663,
            "f1_score": 0.5353846153846153,
            "precision": 0.5471698113207547,
            "recall": 0.5240963855421686,
            "status": "success"
        }
    },
    "HomomorphicLogisticRegression": {
        "FedAvg": {
            "metrics": {
                "accuracy": 0.5,
                "precision": 0.0,
                "recall": 0.0,
                "f1": 0.0,
                "avg_confidence": 0.4999986538184544,
                "confidence_std": 1.9401912117954105e-08
            },
            "training_time": 15.914257764816284,
            "num_clients": 2,
            "encryption_type": "Encrypted",
            "accuracy": 0.5,
            "f1_score": 0.0,
            "precision": 0.0,
            "recall": 0.0,
            "status": "success"
        },
        "SCAFFOLD": {
            "metrics": {
                "accuracy": 0.5,
                "precision": 0.0,
                "recall": 0.0,
                "f1": 0.0,
                "avg_confidence": 0.4999986160564453,
                "confidence_std": 4.337841433406921e-07
            },
            "training_time": 16.16234064102173,
            "num_clients": 2,
            "encryption_type": "Encrypted",
            "accuracy": 0.5,
            "f1_score": 0.0,
            "precision": 0.0,
            "recall": 0.0,
            "status": "success"
        }
    },
    "EncryptedMLP": {
        "FedAvg": {
            "metrics": {
                "accuracy": 0.5090361445783133,
                "precision": 0.5047318611987381,
                "recall": 0.963855421686747,
                "f1": 0.6625258799171843,
                "avg_confidence": 0.5001289444104573,
                "confidence_std": 0.00012572903039152514
            },
            "training_time": 3.5474767684936523,
            "num_clients": 2,
            "encryption_type": "Encrypted",
            "accuracy": 0.5090361445783133,
            "f1_score": 0.6625258799171843,
            "precision": 0.5047318611987381,
            "recall": 0.963855421686747,
            "status": "success"
        },
        "SCAFFOLD": {
            "metrics": {
                "accuracy": 0.5210843373493976,
                "precision": 0.6060606060606061,
                "recall": 0.12048192771084337,
                "f1": 0.20100502512562812,
                "avg_confidence": 0.49996291475033017,
                "confidence_std": 4.164992821213295e-05
            },
            "training_time": 3.5096802711486816,
            "num_clients": 2,
            "encryption_type": "Encrypted",
            "accuracy": 0.5210843373493976,
            "f1_score": 0.20100502512562812,
            "precision": 0.6060606060606061,
            "recall": 0.12048192771084337,
            "status": "success"
        }
    }
}