{
    "LogisticRegression": {
        "FedAvg": {
            "metrics": {
                "accuracy": 0.5803571428571429,
                "precision": 0.5706806282722513,
                "recall": 0.6488095238095238,
                "f1": 0.607242339832869,
                "avg_confidence": 0.5077862171855724,
                "confidence_std": 0.10497084042426001
            },
            "training_time": 0.28272509574890137,
            "num_clients": 8,
            "encryption_type": "Plain",
            "accuracy": 0.5803571428571429,
            "f1_score": 0.607242339832869,
            "precision": 0.5706806282722513,
            "recall": 0.6488095238095238,
            "status": "success"
        },
        "SCAFFOLD": {
            "metrics": {
                "accuracy": 0.5803571428571429,
                "precision": 0.5706806282722513,
                "recall": 0.6488095238095238,
                "f1": 0.607242339832869,
                "avg_confidence": 0.5077862171855724,
                "confidence_std": 0.10497084042426003
            },
            "training_time": 0.28516697883605957,
            "num_clients": 8,
            "encryption_type": "Plain",
            "accuracy": 0.5803571428571429,
            "f1_score": 0.607242339832869,
            "precision": 0.5706806282722513,
            "recall": 0.6488095238095238,
            "status": "success"
        }
    },
    "MLPClassifier": {
        "FedAvg": {
            "metrics": {
                "accuracy": 0.5625,
                "precision": 0.539622641509434,
                "recall": 0.8511904761904762,
                "f1": 0.6605080831408776,
                "avg_confidence": 0.5541721659051301,
                "confidence_std": 0.07583647536384013
            },
            "training_time": 3.8074233531951904,
            "num_clients": 8,
            "encryption_type": "Plain",
            "accuracy": 0.5625,
            "f1_score": 0.6605080831408776,
            "precision": 0.539622641509434,
            "recall": 0.8511904761904762,
            "status": "success"
        },
        "SCAFFOLD": {
            "metrics": {
                "accuracy": 0.5625,
                "precision": 0.539622641509434,
                "recall": 0.8511904761904762,
                "f1": 0.6605080831408776,
                "avg_confidence": 0.5541721659051301,
                "confidence_std": 0.07583647536384013
            },
            "training_time": 3.8667187690734863,
            "num_clients": 8,
            "encryption_type": "Plain",
            "accuracy": 0.5625,
            "f1_score": 0.6605080831408776,
            "precision": 0.539622641509434,
            "recall": 0.8511904761904762,
            "status": "success"
        }
    },
    "HomomorphicLogisticRegression": {
        "FedAvg": {
            "metrics": {
                "accuracy": 0.5,
                "precision": 0.0,
                "recall": 0.0,
                "f1": 0.0,
                "avg_confidence": 0.4999973564767721,
                "confidence_std": 5.48883033589944e-07
            },
            "training_time": 33.33363103866577,
            "num_clients": 8,
            "encryption_type": "Encrypted",
            "accuracy": 0.5,
            "f1_score": 0.0,
            "precision": 0.0,
            "recall": 0.0,
            "status": "success"
        },
        "SCAFFOLD": {
            "metrics": {
                "accuracy": 0.5,
                "precision": 0.0,
                "recall": 0.0,
                "f1": 0.0,
                "avg_confidence": 0.4999976169736802,
                "confidence_std": 8.065031515897575e-07
            },
            "training_time": 33.32424974441528,
            "num_clients": 8,
            "encryption_type": "Encrypted",
            "accuracy": 0.5,
            "f1_score": 0.0,
            "precision": 0.0,
            "recall": 0.0,
            "status": "success"
        }
    },
    "EncryptedMLP": {
        "FedAvg": {
            "metrics": {
                "accuracy": 0.5119047619047619,
                "precision": 0.5089285714285714,
                "recall": 0.6785714285714286,
                "f1": 0.5816326530612245,
                "avg_confidence": 0.5000473089094294,
                "confidence_std": 0.000171185843717204
            },
            "training_time": 13.503438949584961,
            "num_clients": 8,
            "encryption_type": "Encrypted",
            "accuracy": 0.5119047619047619,
            "f1_score": 0.5816326530612245,
            "precision": 0.5089285714285714,
            "recall": 0.6785714285714286,
            "status": "success"
        },
        "SCAFFOLD": {
            "metrics": {
                "accuracy": 0.5029761904761905,
                "precision": 0.5034965034965035,
                "recall": 0.42857142857142855,
                "f1": 0.4630225080385852,
                "avg_confidence": 0.4999993179009773,
                "confidence_std": 7.205244660336434e-05
            },
            "training_time": 13.613734245300293,
            "num_clients": 8,
            "encryption_type": "Encrypted",
            "accuracy": 0.5029761904761905,
            "f1_score": 0.4630225080385852,
            "precision": 0.5034965034965035,
            "recall": 0.42857142857142855,
            "status": "success"
        }
    }
}