{
    "LogisticRegression": {
        "FedAvg": {
            "metrics": {
                "accuracy": 0.49096385542168675,
                "precision": 0.48663101604278075,
                "recall": 0.5548780487804879,
                "f1": 0.5185185185185185,
                "avg_confidence": 0.49713254840135507,
                "confidence_std": 0.026880262819032982
            },
            "training_time": 0.12759137153625488,
            "num_clients": 4,
            "encryption_type": "Plain",
            "accuracy": 0.49096385542168675,
            "f1_score": 0.5185185185185185,
            "precision": 0.48663101604278075,
            "recall": 0.5548780487804879,
            "status": "success"
        },
        "SCAFFOLD": {
            "metrics": {
                "accuracy": 0.49096385542168675,
                "precision": 0.48663101604278075,
                "recall": 0.5548780487804879,
                "f1": 0.5185185185185185,
                "avg_confidence": 0.49713254840135507,
                "confidence_std": 0.02688026281903298
            },
            "training_time": 0.13038182258605957,
            "num_clients": 4,
            "encryption_type": "Plain",
            "accuracy": 0.49096385542168675,
            "f1_score": 0.5185185185185185,
            "precision": 0.48663101604278075,
            "recall": 0.5548780487804879,
            "status": "success"
        }
    },
    "MLPClassifier": {
        "FedAvg": {
            "metrics": {
                "accuracy": 0.5060240963855421,
                "precision": 0.5,
                "recall": 0.5,
                "f1": 0.5,
                "avg_confidence": 0.4942611452816807,
                "confidence_std": 0.03436045812315193
            },
            "training_time": 2.664407253265381,
            "num_clients": 4,
            "encryption_type": "Plain",
            "accuracy": 0.5060240963855421,
            "f1_score": 0.5,
            "precision": 0.5,
            "recall": 0.5,
            "status": "success"
        },
        "SCAFFOLD": {
            "metrics": {
                "accuracy": 0.5060240963855421,
                "precision": 0.5,
                "recall": 0.5,
                "f1": 0.5,
                "avg_confidence": 0.4942611452816807,
                "confidence_std": 0.03436045812315193
            },
            "training_time": 2.6813151836395264,
            "num_clients": 4,
            "encryption_type": "Plain",
            "accuracy": 0.5060240963855421,
            "f1_score": 0.5,
            "precision": 0.5,
            "recall": 0.5,
            "status": "success"
        }
    },
    "HomomorphicLogisticRegression": {
        "FedAvg": {
            "metrics": {
                "accuracy": 0.4789156626506024,
                "precision": 0.45544554455445546,
                "recall": 0.2804878048780488,
                "f1": 0.3471698113207548,
                "avg_confidence": 0.49999947111824417,
                "confidence_std": 1.0002720247349065e-06
            },
            "training_time": 18.93252468109131,
            "num_clients": 4,
            "encryption_type": "Encrypted",
            "accuracy": 0.4789156626506024,
            "f1_score": 0.3471698113207548,
            "precision": 0.45544554455445546,
            "recall": 0.2804878048780488,
            "status": "success"
        },
        "SCAFFOLD": {
            "metrics": {
                "accuracy": 0.5060240963855421,
                "precision": 0.5,
                "recall": 0.006097560975609756,
                "f1": 0.012048192771084338,
                "avg_confidence": 0.4999992294917552,
                "confidence_std": 3.288041149144908e-07
            },
            "training_time": 19.480367183685303,
            "num_clients": 4,
            "encryption_type": "Encrypted",
            "accuracy": 0.5060240963855421,
            "f1_score": 0.012048192771084338,
            "precision": 0.5,
            "recall": 0.006097560975609756,
            "status": "success"
        }
    },
    "EncryptedMLP": {
        "FedAvg": {
            "metrics": {
                "accuracy": 0.4939759036144578,
                "precision": 0.4857142857142857,
                "recall": 0.4146341463414634,
                "f1": 0.4473684210526316,
                "avg_confidence": 0.49998946963790497,
                "confidence_std": 0.00011731265728596485
            },
            "training_time": 6.6221582889556885,
            "num_clients": 4,
            "encryption_type": "Encrypted",
            "accuracy": 0.4939759036144578,
            "f1_score": 0.4473684210526316,
            "precision": 0.4857142857142857,
            "recall": 0.4146341463414634,
            "status": "success"
        },
        "SCAFFOLD": {
            "metrics": {
                "accuracy": 0.4819277108433735,
                "precision": 0.47368421052631576,
                "recall": 0.43902439024390244,
                "f1": 0.4556962025316456,
                "avg_confidence": 0.49999596656501144,
                "confidence_std": 8.691261501025585e-05
            },
            "training_time": 6.7759668827056885,
            "num_clients": 4,
            "encryption_type": "Encrypted",
            "accuracy": 0.4819277108433735,
            "f1_score": 0.4556962025316456,
            "precision": 0.47368421052631576,
            "recall": 0.43902439024390244,
            "status": "success"
        }
    }
}