{
    "LogisticRegression": {
        "FedAvg": {
            "metrics": {
                "accuracy": 0.5180722891566265,
                "precision": 0.5170454545454546,
                "recall": 0.5481927710843374,
                "f1": 0.5321637426900585,
                "avg_confidence": 0.4978761082613395,
                "confidence_std": 0.01274996951427024
            },
            "training_time": 0.06704282760620117,
            "num_clients": 2,
            "encryption_type": "Plain",
            "accuracy": 0.5180722891566265,
            "f1_score": 0.5321637426900585,
            "precision": 0.5170454545454546,
            "recall": 0.5481927710843374,
            "status": "success"
        },
        "SCAFFOLD": {
            "metrics": {
                "accuracy": 0.5180722891566265,
                "precision": 0.5170454545454546,
                "recall": 0.5481927710843374,
                "f1": 0.5321637426900585,
                "avg_confidence": 0.4978761082613395,
                "confidence_std": 0.01274996951427024
            },
            "training_time": 0.1188039779663086,
            "num_clients": 2,
            "encryption_type": "Plain",
            "accuracy": 0.5180722891566265,
            "f1_score": 0.5321637426900585,
            "precision": 0.5170454545454546,
            "recall": 0.5481927710843374,
            "status": "success"
        }
    },
    "MLPClassifier": {
        "FedAvg": {
            "metrics": {
                "accuracy": 0.5451807228915663,
                "precision": 0.5471698113207547,
                "recall": 0.5240963855421686,
                "f1": 0.5353846153846153,
                "avg_confidence": 0.49692862737453075,
                "confidence_std": 0.037861024562738495
            },
            "training_time": 1.9881253242492676,
            "num_clients": 2,
            "encryption_type": "Plain",
            "accuracy": 0.5451807228915663,
            "f1_score": 0.5353846153846153,
            "precision": 0.5471698113207547,
            "recall": 0.5240963855421686,
            "status": "success"
        },
        "SCAFFOLD": {
            "metrics": {
                "accuracy": 0.5451807228915663,
                "precision": 0.5471698113207547,
                "recall": 0.5240963855421686,
                "f1": 0.5353846153846153,
                "avg_confidence": 0.49692862737453075,
                "confidence_std": 0.037861024562738495
            },
            "training_time": 2.002746343612671,
            "num_clients": 2,
            "encryption_type": "Plain",
            "accuracy": 0.5451807228915663,
            "f1_score": 0.5353846153846153,
            "precision": 0.5471698113207547,
            "recall": 0.5240963855421686,
            "status": "success"
        }
    },
    "HomomorphicLogisticRegression": {
        "FedAvg": {
            "metrics": {
                "accuracy": 0.5,
                "precision": 0.0,
                "recall": 0.0,
                "f1": 0.0,
                "avg_confidence": 0.499997183397751,
                "confidence_std": 3.7793272467235424e-07
            },
            "training_time": 15.719489336013794,
            "num_clients": 2,
            "encryption_type": "Encrypted",
            "accuracy": 0.5,
            "f1_score": 0.0,
            "precision": 0.0,
            "recall": 0.0,
            "status": "success"
        },
        "SCAFFOLD": {
            "metrics": {
                "accuracy": 0.5,
                "precision": 0.0,
                "recall": 0.0,
                "f1": 0.0,
                "avg_confidence": 0.49999726599816136,
                "confidence_std": 6.548973276689799e-07
            },
            "training_time": 16.052828311920166,
            "num_clients": 2,
            "encryption_type": "Encrypted",
            "accuracy": 0.5,
            "f1_score": 0.0,
            "precision": 0.0,
            "recall": 0.0,
            "status": "success"
        }
    },
    "EncryptedMLP": {
        "FedAvg": {
            "metrics": {
                "accuracy": 0.5090361445783133,
                "precision": 0.5051546391752577,
                "recall": 0.8855421686746988,
                "f1": 0.6433260393873086,
                "avg_confidence": 0.5000360090219178,
                "confidence_std": 3.926943262633569e-05
            },
            "training_time": 3.517834424972534,
            "num_clients": 2,
            "encryption_type": "Encrypted",
            "accuracy": 0.5090361445783133,
            "f1_score": 0.6433260393873086,
            "precision": 0.5051546391752577,
            "recall": 0.8855421686746988,
            "status": "success"
        },
        "SCAFFOLD": {
            "metrics": {
                "accuracy": 0.47289156626506024,
                "precision": 0.4786729857819905,
                "recall": 0.608433734939759,
                "f1": 0.5358090185676393,
                "avg_confidence": 0.5000003568869901,
                "confidence_std": 8.276009864778573e-05
            },
            "training_time": 3.4624886512756348,
            "num_clients": 2,
            "encryption_type": "Encrypted",
            "accuracy": 0.47289156626506024,
            "f1_score": 0.5358090185676393,
            "precision": 0.4786729857819905,
            "recall": 0.608433734939759,
            "status": "success"
        }
    }
}